'/sitios/cdigi/producto/-tabla-de-planchar-standard/_/A-00100234-00100234-200',20:14:22
'/sitios/cdigi/producto/-culoteless-t4-alg-y-lycra-syo-t4---/_/A-00282677-00282677-200',20:14:22
'/sitios/cdigi/producto/-pizzetas-cebolla-coto/_/A-00044088-00044088-200',20:14:22
'/sitios/cdigi/producto/-carpeta-nro-3-varios-disenos/_/A-00458703-00458703-200',20:14:22
'/sitios/cdigi/producto/-set-tazas-para-auto-4u-wj-5062-13-top-motors\r\n/_/A-00226172-00226172-200',20:14:22
'/sitios/cdigi/producto/-molde-p-brioche-antiad-22cm-l-brasil---/_/A-00472821-00472821-200',20:14:22
'/sitios/cdigi/producto/-culoteless-t3-alg-y-lycra-syo-t3---/_/A-00282676-00282676-200',20:14:22
'/sitios/cdigi/producto/-asadera-ant-rect-honda-22cm-brasil---/_/A-00474313-00474313-200',20:14:22
'/sitios/cdigi/producto/-arroz-lf-00000-ala-dorado-paq-1-kgm/_/A-00008740-00008740-200',20:14:22
'/sitios/cdigi/producto/-mechas-set-17-hss-stanley\r\n/_/A-00477996-00477996-200',20:14:22
'/sitios/cdigi/producto/-base-sombrilla-cemento-x-4-unidades-50x50x65-cm-c-u/_/A-00461437-00461437-200',20:14:22
'/sitios/cdigi/producto/-equestria-girls-mini-figura-b4909---/_/A-00293988-00293988-200',20:14:22
'/sitios/cdigi/producto/-mandril-13-mm-rosca-3-8--/_/A-00128174-00128174-200',20:14:22
'/sitios/cdigi/producto/-mesa-plastica-mickey---minnie---/_/A-00270362-00270362-200',20:14:22
'/sitios/cdigi/producto/-cocina-orbis-4-hornallas-blanco-558bc2m/_/A-00253882-00253882-200',20:14:22
'/sitios/cdigi/producto/-colgante-apollo-apollo---colga-nco-1x10w-led---/_/A-00478947-00478947-200',20:14:22
'/sitios/cdigi/producto/-almohadon-liso-colors-45x45-cm---/_/A-00477180-00477180-200',20:14:22
'/sitios/cdigi/producto/-puedo-superarme!/_/A-00270967-00270967-200',20:14:22
'/sitios/cdigi/producto/-set-tazas-para-auto-4u-top-motors\r\n/_/A-00263040-00263040-200',20:14:22
'/sitios/cdigi/producto/-adorno-centro-de-mesa-peltre-48cm---/_/A-00471773-00471773-200',20:14:22
'/sitios/cdigi/producto/-banqueta-plegable-home-studio-acero-blanca/_/A-00216233-00216233-200',20:14:22
'/sitios/cdigi/producto/-hidrolavadora-jet-2000-145-bar---/_/A-00470358-00470358-200',20:14:22
'/sitios/cdigi/producto/-rollo-acero-sed-metal-ovillitos-bol-6-uni/_/A-00239155-00239155-200',20:14:22
'/sitios/cdigi/producto/-pj-masks-vehiculo-con-figura---/_/A-00462819-00462819-200',20:14:22
'/sitios/cdigi/producto/-tabla-de-planchar-standard/_/A-00100234-00100234-200',20:14:30
'/sitios/cdigi/producto/-culoteless-t4-alg-y-lycra-syo-t4---/_/A-00282677-00282677-200',20:14:30
'/sitios/cdigi/producto/-pizzetas-cebolla-coto/_/A-00044088-00044088-200',20:14:30
'/sitios/cdigi/producto/-carpeta-nro-3-varios-disenos/_/A-00458703-00458703-200',20:14:30
'/sitios/cdigi/producto/-set-tazas-para-auto-4u-wj-5062-13-top-motors\r\n/_/A-00226172-00226172-200',20:14:30
'/sitios/cdigi/producto/-molde-p-brioche-antiad-22cm-l-brasil---/_/A-00472821-00472821-200',20:14:30
'/sitios/cdigi/producto/-culoteless-t3-alg-y-lycra-syo-t3---/_/A-00282676-00282676-200',20:14:30
'/sitios/cdigi/producto/-asadera-ant-rect-honda-22cm-brasil---/_/A-00474313-00474313-200',20:14:30
'/sitios/cdigi/producto/-arroz-lf-00000-ala-dorado-paq-1-kgm/_/A-00008740-00008740-200',20:14:30
'/sitios/cdigi/producto/-mechas-set-17-hss-stanley\r\n/_/A-00477996-00477996-200',20:14:30
'/sitios/cdigi/producto/-base-sombrilla-cemento-x-4-unidades-50x50x65-cm-c-u/_/A-00461437-00461437-200',20:14:30
'/sitios/cdigi/producto/-equestria-girls-mini-figura-b4909---/_/A-00293988-00293988-200',20:14:30
'/sitios/cdigi/producto/-mandril-13-mm-rosca-3-8--/_/A-00128174-00128174-200',20:14:30
'/sitios/cdigi/producto/-mesa-plastica-mickey---minnie---/_/A-00270362-00270362-200',20:14:30
'/sitios/cdigi/producto/-cocina-orbis-4-hornallas-blanco-558bc2m/_/A-00253882-00253882-200',20:14:30
'/sitios/cdigi/producto/-colgante-apollo-apollo---colga-nco-1x10w-led---/_/A-00478947-00478947-200',20:14:30
'/sitios/cdigi/producto/-almohadon-liso-colors-45x45-cm---/_/A-00477180-00477180-200',20:14:30
'/sitios/cdigi/producto/-puedo-superarme!/_/A-00270967-00270967-200',20:14:30
'/sitios/cdigi/producto/-set-tazas-para-auto-4u-top-motors\r\n/_/A-00263040-00263040-200',20:14:30
'/sitios/cdigi/producto/-adorno-centro-de-mesa-peltre-48cm---/_/A-00471773-00471773-200',20:14:30
'/sitios/cdigi/producto/-banqueta-plegable-home-studio-acero-blanca/_/A-00216233-00216233-200',20:14:30
'/sitios/cdigi/producto/-hidrolavadora-jet-2000-145-bar---/_/A-00470358-00470358-200',20:14:30
'/sitios/cdigi/producto/-rollo-acero-sed-metal-ovillitos-bol-6-uni/_/A-00239155-00239155-200',20:14:30
'/sitios/cdigi/producto/-pj-masks-vehiculo-con-figura---/_/A-00462819-00462819-200',20:14:30
'/sitios/cdigi/producto/-tabla-de-planchar-standard/_/A-00100234-00100234-200',20:14:38
'/sitios/cdigi/producto/-culoteless-t4-alg-y-lycra-syo-t4---/_/A-00282677-00282677-200',20:14:38
'/sitios/cdigi/producto/-pizzetas-cebolla-coto/_/A-00044088-00044088-200',20:14:38
'/sitios/cdigi/producto/-carpeta-nro-3-varios-disenos/_/A-00458703-00458703-200',20:14:38
'/sitios/cdigi/producto/-set-tazas-para-auto-4u-wj-5062-13-top-motors\r\n/_/A-00226172-00226172-200',20:14:38
'/sitios/cdigi/producto/-molde-p-brioche-antiad-22cm-l-brasil---/_/A-00472821-00472821-200',20:14:38
'/sitios/cdigi/producto/-culoteless-t3-alg-y-lycra-syo-t3---/_/A-00282676-00282676-200',20:14:38
'/sitios/cdigi/producto/-asadera-ant-rect-honda-22cm-brasil---/_/A-00474313-00474313-200',20:14:38
'/sitios/cdigi/producto/-arroz-lf-00000-ala-dorado-paq-1-kgm/_/A-00008740-00008740-200',20:14:38
'/sitios/cdigi/producto/-mechas-set-17-hss-stanley\r\n/_/A-00477996-00477996-200',20:14:38
'/sitios/cdigi/producto/-base-sombrilla-cemento-x-4-unidades-50x50x65-cm-c-u/_/A-00461437-00461437-200',20:14:38
'/sitios/cdigi/producto/-equestria-girls-mini-figura-b4909---/_/A-00293988-00293988-200',20:14:38
'/sitios/cdigi/producto/-mandril-13-mm-rosca-3-8--/_/A-00128174-00128174-200',20:14:38
'/sitios/cdigi/producto/-mesa-plastica-mickey---minnie---/_/A-00270362-00270362-200',20:14:38
'/sitios/cdigi/producto/-cocina-orbis-4-hornallas-blanco-558bc2m/_/A-00253882-00253882-200',20:14:38
'/sitios/cdigi/producto/-colgante-apollo-apollo---colga-nco-1x10w-led---/_/A-00478947-00478947-200',20:14:38
'/sitios/cdigi/producto/-almohadon-liso-colors-45x45-cm---/_/A-00477180-00477180-200',20:14:38
'/sitios/cdigi/producto/-puedo-superarme!/_/A-00270967-00270967-200',20:14:38
'/sitios/cdigi/producto/-set-tazas-para-auto-4u-top-motors\r\n/_/A-00263040-00263040-200',20:14:38
'/sitios/cdigi/producto/-adorno-centro-de-mesa-peltre-48cm---/_/A-00471773-00471773-200',20:14:38
'/sitios/cdigi/producto/-banqueta-plegable-home-studio-acero-blanca/_/A-00216233-00216233-200',20:14:38
'/sitios/cdigi/producto/-hidrolavadora-jet-2000-145-bar---/_/A-00470358-00470358-200',20:14:38
'/sitios/cdigi/producto/-rollo-acero-sed-metal-ovillitos-bol-6-uni/_/A-00239155-00239155-200',20:14:38
'/sitios/cdigi/producto/-pj-masks-vehiculo-con-figura---/_/A-00462819-00462819-200',20:14:38
'/sitios/cdigi/producto/-tabla-de-planchar-standard/_/A-00100234-00100234-200',20:14:46
'/sitios/cdigi/producto/-culoteless-t4-alg-y-lycra-syo-t4---/_/A-00282677-00282677-200',20:14:46
'/sitios/cdigi/producto/-pizzetas-cebolla-coto/_/A-00044088-00044088-200',20:14:46
'/sitios/cdigi/producto/-carpeta-nro-3-varios-disenos/_/A-00458703-00458703-200',20:14:46
'/sitios/cdigi/producto/-set-tazas-para-auto-4u-wj-5062-13-top-motors\r\n/_/A-00226172-00226172-200',20:14:46
'/sitios/cdigi/producto/-molde-p-brioche-antiad-22cm-l-brasil---/_/A-00472821-00472821-200',20:14:46
'/sitios/cdigi/producto/-culoteless-t3-alg-y-lycra-syo-t3---/_/A-00282676-00282676-200',20:14:46
'/sitios/cdigi/producto/-asadera-ant-rect-honda-22cm-brasil---/_/A-00474313-00474313-200',20:14:46
'/sitios/cdigi/producto/-arroz-lf-00000-ala-dorado-paq-1-kgm/_/A-00008740-00008740-200',20:14:46
'/sitios/cdigi/producto/-mechas-set-17-hss-stanley\r\n/_/A-00477996-00477996-200',20:14:46
'/sitios/cdigi/producto/-base-sombrilla-cemento-x-4-unidades-50x50x65-cm-c-u/_/A-00461437-00461437-200',20:14:46
'/sitios/cdigi/producto/-equestria-girls-mini-figura-b4909---/_/A-00293988-00293988-200',20:14:46
'/sitios/cdigi/producto/-mandril-13-mm-rosca-3-8--/_/A-00128174-00128174-200',20:14:46
'/sitios/cdigi/producto/-mesa-plastica-mickey---minnie---/_/A-00270362-00270362-200',20:14:46
'/sitios/cdigi/producto/-cocina-orbis-4-hornallas-blanco-558bc2m/_/A-00253882-00253882-200',20:14:46
'/sitios/cdigi/producto/-colgante-apollo-apollo---colga-nco-1x10w-led---/_/A-00478947-00478947-200',20:14:46
'/sitios/cdigi/producto/-almohadon-liso-colors-45x45-cm---/_/A-00477180-00477180-200',20:14:46
'/sitios/cdigi/producto/-puedo-superarme!/_/A-00270967-00270967-200',20:14:46
'/sitios/cdigi/producto/-set-tazas-para-auto-4u-top-motors\r\n/_/A-00263040-00263040-200',20:14:46
'/sitios/cdigi/producto/-adorno-centro-de-mesa-peltre-48cm---/_/A-00471773-00471773-200',20:14:46
'/sitios/cdigi/producto/-banqueta-plegable-home-studio-acero-blanca/_/A-00216233-00216233-200',20:14:46
'/sitios/cdigi/producto/-hidrolavadora-jet-2000-145-bar---/_/A-00470358-00470358-200',20:14:46
'/sitios/cdigi/producto/-rollo-acero-sed-metal-ovillitos-bol-6-uni/_/A-00239155-00239155-200',20:14:46
'/sitios/cdigi/producto/-pj-masks-vehiculo-con-figura---/_/A-00462819-00462819-200',20:14:46
'/sitios/cdigi/producto/-tabla-de-planchar-standard/_/A-00100234-00100234-200',20:14:53
'/sitios/cdigi/producto/-culoteless-t4-alg-y-lycra-syo-t4---/_/A-00282677-00282677-200',20:14:53
'/sitios/cdigi/producto/-pizzetas-cebolla-coto/_/A-00044088-00044088-200',20:14:53
'/sitios/cdigi/producto/-carpeta-nro-3-varios-disenos/_/A-00458703-00458703-200',20:14:53
'/sitios/cdigi/producto/-set-tazas-para-auto-4u-wj-5062-13-top-motors\r\n/_/A-00226172-00226172-200',20:14:53
'/sitios/cdigi/producto/-molde-p-brioche-antiad-22cm-l-brasil---/_/A-00472821-00472821-200',20:14:53
'/sitios/cdigi/producto/-culoteless-t3-alg-y-lycra-syo-t3---/_/A-00282676-00282676-200',20:14:53
'/sitios/cdigi/producto/-asadera-ant-rect-honda-22cm-brasil---/_/A-00474313-00474313-200',20:14:53
'/sitios/cdigi/producto/-arroz-lf-00000-ala-dorado-paq-1-kgm/_/A-00008740-00008740-200',20:14:53
'/sitios/cdigi/producto/-mechas-set-17-hss-stanley\r\n/_/A-00477996-00477996-200',20:14:53
'/sitios/cdigi/producto/-base-sombrilla-cemento-x-4-unidades-50x50x65-cm-c-u/_/A-00461437-00461437-200',20:14:53
'/sitios/cdigi/producto/-equestria-girls-mini-figura-b4909---/_/A-00293988-00293988-200',20:14:53
'/sitios/cdigi/producto/-mandril-13-mm-rosca-3-8--/_/A-00128174-00128174-200',20:14:53
'/sitios/cdigi/producto/-mesa-plastica-mickey---minnie---/_/A-00270362-00270362-200',20:14:53
'/sitios/cdigi/producto/-cocina-orbis-4-hornallas-blanco-558bc2m/_/A-00253882-00253882-200',20:14:53
'/sitios/cdigi/producto/-colgante-apollo-apollo---colga-nco-1x10w-led---/_/A-00478947-00478947-200',20:14:53
'/sitios/cdigi/producto/-almohadon-liso-colors-45x45-cm---/_/A-00477180-00477180-200',20:14:53
'/sitios/cdigi/producto/-puedo-superarme!/_/A-00270967-00270967-200',20:14:53
'/sitios/cdigi/producto/-set-tazas-para-auto-4u-top-motors\r\n/_/A-00263040-00263040-200',20:14:53
'/sitios/cdigi/producto/-adorno-centro-de-mesa-peltre-48cm---/_/A-00471773-00471773-200',20:14:53
'/sitios/cdigi/producto/-banqueta-plegable-home-studio-acero-blanca/_/A-00216233-00216233-200',20:14:53
'/sitios/cdigi/producto/-hidrolavadora-jet-2000-145-bar---/_/A-00470358-00470358-200',20:14:53
'/sitios/cdigi/producto/-rollo-acero-sed-metal-ovillitos-bol-6-uni/_/A-00239155-00239155-200',20:14:53
'/sitios/cdigi/producto/-pj-masks-vehiculo-con-figura---/_/A-00462819-00462819-200',20:14:53
'/sitios/cdigi/producto/-tabla-de-planchar-standard/_/A-00100234-00100234-200',20:15:15
'/sitios/cdigi/producto/-culoteless-t4-alg-y-lycra-syo-t4---/_/A-00282677-00282677-200',20:15:15
'/sitios/cdigi/producto/-pizzetas-cebolla-coto/_/A-00044088-00044088-200',20:15:15
'/sitios/cdigi/producto/-carpeta-nro-3-varios-disenos/_/A-00458703-00458703-200',20:15:15
'/sitios/cdigi/producto/-set-tazas-para-auto-4u-wj-5062-13-top-motors\r\n/_/A-00226172-00226172-200',20:15:15
'/sitios/cdigi/producto/-molde-p-brioche-antiad-22cm-l-brasil---/_/A-00472821-00472821-200',20:15:15
'/sitios/cdigi/producto/-culoteless-t3-alg-y-lycra-syo-t3---/_/A-00282676-00282676-200',20:15:15
'/sitios/cdigi/producto/-asadera-ant-rect-honda-22cm-brasil---/_/A-00474313-00474313-200',20:15:15
'/sitios/cdigi/producto/-arroz-lf-00000-ala-dorado-paq-1-kgm/_/A-00008740-00008740-200',20:15:15
'/sitios/cdigi/producto/-mechas-set-17-hss-stanley\r\n/_/A-00477996-00477996-200',20:15:15
'/sitios/cdigi/producto/-base-sombrilla-cemento-x-4-unidades-50x50x65-cm-c-u/_/A-00461437-00461437-200',20:15:15
'/sitios/cdigi/producto/-equestria-girls-mini-figura-b4909---/_/A-00293988-00293988-200',20:15:15
'/sitios/cdigi/producto/-mandril-13-mm-rosca-3-8--/_/A-00128174-00128174-200',20:15:15
'/sitios/cdigi/producto/-mesa-plastica-mickey---minnie---/_/A-00270362-00270362-200',20:15:15
'/sitios/cdigi/producto/-cocina-orbis-4-hornallas-blanco-558bc2m/_/A-00253882-00253882-200',20:15:15
'/sitios/cdigi/producto/-colgante-apollo-apollo---colga-nco-1x10w-led---/_/A-00478947-00478947-200',20:15:15
'/sitios/cdigi/producto/-almohadon-liso-colors-45x45-cm---/_/A-00477180-00477180-200',20:15:15
'/sitios/cdigi/producto/-puedo-superarme!/_/A-00270967-00270967-200',20:15:15
'/sitios/cdigi/producto/-set-tazas-para-auto-4u-top-motors\r\n/_/A-00263040-00263040-200',20:15:15
'/sitios/cdigi/producto/-adorno-centro-de-mesa-peltre-48cm---/_/A-00471773-00471773-200',20:15:15
'/sitios/cdigi/producto/-banqueta-plegable-home-studio-acero-blanca/_/A-00216233-00216233-200',20:15:15
'/sitios/cdigi/producto/-hidrolavadora-jet-2000-145-bar---/_/A-00470358-00470358-200',20:15:15
'/sitios/cdigi/producto/-rollo-acero-sed-metal-ovillitos-bol-6-uni/_/A-00239155-00239155-200',20:15:15
'/sitios/cdigi/producto/-pj-masks-vehiculo-con-figura---/_/A-00462819-00462819-200',20:15:15
